page,role,writes_data,write_api,primary_tables,reads_data,read_api,external_api,risk
/,조회·검증,no,,,no,,,LOW
/login,조회·검증,no,,admin_users,yes,/api/admin/debug-session,,LOW
/forgot-password,상태 전이,yes,POST /api/auth/password-reset/request,admin_users,no,,,MEDIUM
/reset-password,상태 전이,yes,POST /api/auth/password-reset/complete,auth_accounts;admin_users,no,,,MEDIUM
/admin,조회·검증,no,,admin_page_help_contents,yes,GET /api/admin/help,,LOW
/admin/dashboard,조회·검증,no,,admin_page_help_contents,no,GET /api/admin/help,,LOW
/admin/communications,조회·검증,no,,admin_page_help_contents,no,GET /api/admin/help,,LOW
/admin/import,조회·검증,no,,admin_page_help_contents,no,GET /api/admin/help,,LOW
/admin/settings,조회·검증,no,,admin_page_help_contents,no,GET /api/admin/help,,LOW
/admin/processes/check,조회·검증,no,,admin_page_help_contents,no,GET /api/admin/help,,LOW
/admin/team-parts/register,조회·검증,no,,admin_page_help_contents,no,GET /api/admin/help,,LOW
/admin/team-parts/info/seasons,조회·검증,no,,admin_page_help_contents,no,GET /api/admin/help,,LOW
/admin/club-progress/seasons,조회·검증,no,,admin_page_help_contents,no,GET /api/admin/help,,LOW
/admin/applicants,조회·검증,no,,,no,,,LOW
/admin/crews,조회·검증,no,,,no,,,LOW
/admin/season-weeks,조회·검증,no,,,no,,,LOW
/admin/users,조회·검증,no,,,no,,,LOW
/admin/users/admin-users,조회·검증,no,,,no,,,LOW
/admin/integrated/line-opening/practical-info,복합 역할,yes,"POST /api/admin/cluster4/info-lines","cluster4_lines;cluster4_line_targets",yes,"GET /api/admin/cluster4/info-lines",/api/cluster4/weekly-cards,MEDIUM
/admin/integrated/line-opening/practical-experience,복합 역할,yes,"POST /api/admin/cluster4/experience/team-overall","cluster4_experience_team_overall;cluster4_lines",yes,"GET /api/admin/cluster4/experience/opening-status",/api/cluster4/weekly-cards,MEDIUM
/admin/integrated/line-opening/practical-competency,복합 역할,yes,"POST /api/admin/cluster4/competency/opening","cluster4_lines;cluster4_competency_week_output",yes,"GET /api/admin/cluster4/competency/opening-status",/api/cluster4/weekly-cards,MEDIUM
/admin/integrated/processes/check/info,복합 역할,yes,POST /api/admin/processes/check,"process_check_statuses;process_point_awards;user_weekly_points",yes,GET /api/admin/processes/check,/api/cluster3/club-rank,HIGH
/admin/integrated/processes/check/club,복합 역할,yes,POST /api/admin/processes/check,"process_check_statuses;process_point_awards;user_weekly_points",yes,GET /api/admin/processes/check,/api/cluster3/club-rank,HIGH
/admin/integrated/processes/check/experience,복합 역할,yes,POST /api/admin/processes/check,"process_check_statuses;process_point_awards;user_weekly_points",yes,GET /api/admin/processes/check,/api/cluster3/club-rank,HIGH
/admin/integrated/processes/check/competency,복합 역할,yes,POST /api/admin/processes/check,"process_check_statuses;process_point_awards;user_weekly_points",yes,GET /api/admin/processes/check,/api/cluster3/club-rank,HIGH
/admin/integrated/processes/check/irregular,복합 역할,yes,POST /api/admin/processes/check/irregular,"process_irregular_acts;process_check_review_recipients;process_point_awards;user_weekly_points",yes,GET /api/admin/processes/check/irregular,/api/cluster3/club-rank,HIGH
/admin/lines/register,기준정보 생성·관리,yes,"POST /api/admin/lines/registrations;PATCH /api/admin/lines/registrations/[id];POST /api/admin/lines/registrations/[id]/bridge;PUT /api/admin/lines/point-configs","line_registrations;cluster4_experience_line_masters;cluster4_competency_line_masters;career_projects;cluster4_line_point_configs",yes,GET /api/admin/lines/registrations,/api/cluster4/weekly-cards,HIGH
/admin/lines/info,기준정보 생성·관리,yes,"POST /api/admin/lines/registrations;PATCH /api/admin/lines/registrations/[id];POST /api/admin/lines/registrations/[id]/bridge;PUT /api/admin/lines/point-configs","line_registrations;cluster4_experience_line_masters;cluster4_competency_line_masters;career_projects;cluster4_line_point_configs",yes,GET /api/admin/lines/registrations,/api/cluster4/weekly-cards,HIGH
/admin/processes/register,기준정보 생성·관리,yes,"POST /api/admin/processes/line-groups;DELETE /api/admin/processes/line-groups/[id];POST /api/admin/processes/acts;DELETE /api/admin/processes/acts/[id]","process_line_groups;process_acts",yes,"GET /api/admin/processes/info;GET /api/admin/processes/line-groups",,HIGH
/admin/processes/info,기준정보 생성·관리,yes,"POST /api/admin/processes/line-groups;DELETE /api/admin/processes/line-groups/[id];POST /api/admin/processes/acts;DELETE /api/admin/processes/acts/[id]","process_line_groups;process_acts",yes,"GET /api/admin/processes/info;GET /api/admin/processes/line-groups",,HIGH
/admin/periods/register,기준정보 생성·관리,yes,POST /api/admin/season-weeks,"seasons;weeks;season_definitions",yes,GET /api/admin/season-weeks,,HIGH
/admin/career-projects,기준정보 생성·관리,yes,"DELETE /api/admin/career-projects/[id];PATCH /api/admin/career-projects/[id]/weeks","career_projects;career_project_weeks",yes,"GET /api/admin/career-projects;GET /api/admin/career-projects/[id]/weeks",,MEDIUM
/admin/official-rest-periods,기준정보 생성·관리,yes,"POST /api/admin/official-rest-periods;PATCH /api/admin/official-rest-periods/[id];DELETE /api/admin/official-rest-periods/[id];POST /api/admin/cluster4/recompute-official-rest-snapshots","official_rest_periods;cluster4_weekly_card_snapshots",yes,GET /api/admin/official-rest-periods,/api/cluster4/weekly-cards,HIGH
/admin/settings/accounts,기준정보 생성·관리,yes,"POST /api/admin/accounts;PATCH /api/admin/accounts/[user_id];POST /api/admin/accounts/[user_id]/password-reset","admin_users;user_profiles;users;user_role_audit",yes,GET /api/admin/accounts,,MEDIUM
/admin/settings/permissions,기준정보 생성·관리,yes,PATCH /api/admin/permissions/[key],"role_permissions;role_permissions_audit;permissions",yes,GET /api/admin/permissions,,MEDIUM
/admin/settings/line-opening-windows,기준정보 생성·관리,yes,"POST /api/admin/line-opening-windows;PATCH /api/admin/line-opening-windows/[id];DELETE /api/admin/line-opening-windows/[id]",line_opening_windows,yes,"GET /api/admin/line-opening-windows;GET /api/admin/line-opening-windows/weeks",,MEDIUM
/admin/settings/process-check-windows,기준정보 생성·관리,yes,"POST /api/admin/process-check-windows;PATCH /api/admin/process-check-windows/[id];DELETE /api/admin/process-check-windows/[id]",process_check_windows,yes,"GET /api/admin/process-check-windows;GET /api/admin/process-check-windows/weeks",,MEDIUM
/admin/settings/edit-windows,관계·배정,yes,"PATCH /api/admin/edit-windows/[user_id];POST /api/admin/edit-windows/bulk","user_edit_windows;cluster4_weekly_card_snapshots",yes,"GET /api/admin/edit-windows;GET /api/admin/edit-windows/weeks",/api/edit-windows/permission,MEDIUM
/admin/line-opening/practical-info,운영 인스턴스 생성,yes,"POST /api/admin/cluster4/info-lines;DELETE /api/admin/cluster4/info-lines;PATCH /api/admin/cluster4/lines/[id];PATCH /api/admin/cluster4/info-lines/crew;POST /api/admin/cluster4/cafe-line-crew","cluster4_lines;cluster4_line_targets;cluster4_line_opening_logs;process_point_awards;user_weekly_points",yes,"GET /api/admin/cluster4/info-lines;GET /api/admin/cluster4/info-line-open-status;GET /api/admin/cluster4/info-line-results;GET /api/admin/cluster4/activity-types;GET /api/admin/line-opening-windows/active;GET /api/admin/cluster4/opening-logs;GET /api/admin/cluster4/cafe-line-crew","/api/cluster4/weekly-cards;/api/cluster4/lines/detail",HIGH
/admin/line-opening/practical-experience,운영 인스턴스 생성,yes,"POST /api/admin/cluster4/experience-drafts;PATCH /api/admin/cluster4/experience-drafts/[id];PATCH /api/admin/cluster4/experience-drafts/[id]/review;POST /api/admin/cluster4/experience-drafts/open;POST /api/admin/cluster4/experience/part-input;DELETE /api/admin/cluster4/experience/part-input;POST /api/admin/cluster4/experience/team-overall;DELETE /api/admin/cluster4/experience-line-masters/[id]","cluster4_experience_line_drafts;cluster4_experience_part_submissions;cluster4_experience_part_submission_cells;cluster4_experience_team_overall;cluster4_experience_team_overall_cells;cluster4_experience_team_overall_outputs;cluster4_experience_team_overall_opened_lines;cluster4_lines;cluster4_line_targets;cluster4_experience_line_evaluations;cluster4_experience_opening_logs",yes,"GET /api/admin/cluster4/experience-drafts;GET /api/admin/cluster4/experience/part-input;GET /api/admin/cluster4/experience/team-overall;GET /api/admin/cluster4/experience/opening-status;GET /api/admin/cluster4/experience/line-manage;GET /api/admin/cluster4/experience-workflow-summary;GET /api/admin/cluster4/experience/opening-logs;GET /api/admin/cluster4/teams","/api/cluster4/weekly-cards;/api/cluster4/lines/detail",HIGH
/admin/line-opening/practical-competency,운영 인스턴스 생성,yes,"POST /api/admin/cluster4/competency-lines;POST /api/admin/cluster4/competency/opening;POST /api/admin/cluster4/competency/applications;PATCH /api/admin/cluster4/competency/applications/[id];DELETE /api/admin/cluster4/competency/applications/[id];DELETE /api/admin/cluster4/competency-line-masters/[id];POST /api/admin/cluster4/cafe-comments;PATCH /api/admin/cluster4/lines/[id];POST /api/admin/cluster4/lines/[id]/workflow","cluster4_competency_applications;cluster4_lines;cluster4_line_targets;cluster4_competency_week_output;cluster4_competency_opening_logs;process_point_awards;user_weekly_points",yes,"GET /api/admin/cluster4/competency/applications;GET /api/admin/cluster4/competency/opening-status;GET /api/admin/cluster4/competency-line-masters;GET /api/admin/cluster4/competency/opening-logs;GET /api/admin/cluster4/lines;GET /api/admin/cluster4/crews;GET /api/admin/cluster4/cafe-line-crew","/api/cluster4/weekly-cards;/api/cluster4/lines/detail",HIGH
/admin/line-opening/practical-career,운영 인스턴스 생성,yes,"POST /api/admin/cluster4/career-lines;POST /api/admin/cluster4/career-evaluations;PATCH /api/admin/career-projects/[id]/sponsor-meta;DELETE /api/admin/career-projects/[id];PATCH /api/admin/cluster4/lines/[id];POST /api/admin/cluster4/lines/[id]/workflow","cluster4_lines;cluster4_line_targets;cluster4_career_line_evaluations;career_projects",yes,"GET /api/admin/cluster4/career-line-options;GET /api/admin/career-projects;GET /api/admin/cluster4/lines;GET /api/admin/cluster4/crews",/api/cluster4/weekly-cards,MEDIUM
/admin/line-opening/line-history,조회·검증,no,,"cluster4_lines;cluster4_line_targets",yes,GET /api/admin/cluster4/lines/history,,LOW
/admin/processes/check/info,상태 전이,yes,"POST /api/admin/processes/check;POST /api/admin/processes/check/rollback;POST /api/admin/processes/check/recollect;POST /api/admin/qa/run-now/process-check-row","process_check_statuses;process_check_logs;process_check_review_recipients;process_point_awards;user_weekly_points;qa_run_now_log",yes,"GET /api/admin/processes/check;GET /api/admin/cluster4/cafe-line-crew","/api/cluster3/club-rank;/api/cluster3/stats-cards;/api/cluster4/weekly-cards",HIGH
/admin/processes/check/club,상태 전이,yes,"POST /api/admin/processes/check;POST /api/admin/processes/check/rollback;POST /api/admin/processes/check/recollect;POST /api/admin/qa/run-now/process-check-row","process_check_statuses;process_check_logs;process_check_review_recipients;process_point_awards;user_weekly_points;qa_run_now_log",yes,"GET /api/admin/processes/check;GET /api/admin/cluster4/cafe-line-crew","/api/cluster3/club-rank;/api/cluster3/stats-cards;/api/cluster4/weekly-cards",HIGH
/admin/processes/check/experience,상태 전이,yes,"POST /api/admin/processes/check;POST /api/admin/processes/check/rollback;POST /api/admin/processes/check/recollect;POST /api/admin/qa/run-now/process-check-row","process_check_statuses;process_check_logs;process_check_review_recipients;process_point_awards;user_weekly_points;qa_run_now_log",yes,"GET /api/admin/processes/check;GET /api/admin/cluster4/cafe-line-crew","/api/cluster3/club-rank;/api/cluster3/stats-cards;/api/cluster4/weekly-cards",HIGH
/admin/processes/check/competency,상태 전이,yes,"POST /api/admin/processes/check;POST /api/admin/processes/check/rollback;POST /api/admin/processes/check/recollect;POST /api/admin/qa/run-now/process-check-row","process_check_statuses;process_check_logs;process_check_review_recipients;process_point_awards;user_weekly_points;qa_run_now_log",yes,"GET /api/admin/processes/check;GET /api/admin/cluster4/cafe-line-crew","/api/cluster3/club-rank;/api/cluster3/stats-cards;/api/cluster4/weekly-cards",HIGH
/admin/processes/check/irregular,결과·실적 입력,yes,"POST /api/admin/processes/check/irregular;DELETE /api/admin/processes/check/irregular;POST /api/admin/processes/check/irregular/rollback;POST /api/admin/processes/check/recollect","process_irregular_acts;process_check_review_recipients;process_point_awards;user_weekly_points",yes,"GET /api/admin/processes/check/irregular;GET /api/admin/processes/check/irregular/targets","/api/cluster3/club-rank;/api/cluster4/weekly-cards",HIGH
/admin/rest-management,상태 전이,yes,"PATCH /api/admin/rest-management/[id];DELETE /api/admin/rest-management/[id];POST /api/admin/rest-management/approve-all;POST /api/admin/rest-management/emergency","vacation_requests;process_check_review_recipients;process_irregular_acts",yes,"GET /api/admin/rest-management/list;GET /api/admin/rest-management/summary;GET /api/admin/rest-management/emergency/context;GET /api/admin/rest-management/emergency/crews","/api/cluster4/weekly-cards;/api/cluster1/resume",HIGH
/admin/season-participations,상태 전이,yes,PATCH /api/admin/season-participations/[user_season_status_id],user_season_statuses,yes,GET /api/admin/season-participations,"/api/cluster1/resume;/api/cluster3/club-rank",HIGH
/admin/week-recognitions,상태 전이,yes,"PATCH /api/admin/week-recognitions/[user_week_status_id];PATCH /api/admin/weeks/[week_id]/publish-result;PATCH /api/admin/weeks/[week_id]/review-result;PATCH /api/admin/weeks/[week_id]/check-threshold","user_week_statuses;weeks",yes,GET /api/admin/week-recognitions,"/api/cluster4/weekly-cards;/api/cluster1/resume;/api/cluster3/stats-cards",HIGH
/admin/weekly-card-finalization,상태 전이,yes,"POST /api/admin/weekly-card-finalization/finalize;POST /api/admin/weekly-card-finalization/revert","weeks;user_week_statuses;cluster4_weekly_card_snapshots",yes,"GET /api/admin/weekly-card-finalization/preview;GET /api/cluster4/weekly-cards",/api/cluster4/weekly-cards,HIGH
/admin/team-parts/info/weeks/[weekId],상태 전이,yes,"POST /api/admin/team-parts/info/weeks/[weekId]/review;DELETE /api/admin/team-parts/info/weeks/[weekId]/review;POST /api/admin/team-parts/info/weeks/[weekId]/open-confirm;POST /api/admin/team-parts/info/weeks/[weekId]/recognition-preview","cluster4_week_opening_configs;cluster4_week_opening_config_versions;user_week_statuses;user_weekly_points;process_point_awards",yes,"GET /api/admin/team-parts/info/weeks/[weekId];GET /api/admin/team-parts/info/weeks/[weekId]/act-check-management;GET /api/admin/team-parts/info/weeks/[weekId]/line-opening-management;GET /api/admin/team-parts/info/weeks/[weekId]/review-readiness","/api/cluster4/weekly-cards;/api/cluster3/club-rank",HIGH
/admin/club-progress/weekly/[weekId],상태 전이,yes,"POST /api/admin/team-parts/info/weeks/[weekId]/review;DELETE /api/admin/team-parts/info/weeks/[weekId]/review;POST /api/admin/team-parts/info/weeks/[weekId]/open-confirm;POST /api/admin/team-parts/info/weeks/[weekId]/recognition-preview","cluster4_week_opening_configs;cluster4_week_opening_config_versions;user_week_statuses;user_weekly_points;process_point_awards",yes,"GET /api/admin/team-parts/info/weeks/[weekId];GET /api/admin/team-parts/info/weeks/[weekId]/act-check-management;GET /api/admin/team-parts/info/weeks/[weekId]/line-opening-management;GET /api/admin/team-parts/info/weeks/[weekId]/review-readiness","/api/cluster4/weekly-cards;/api/cluster3/club-rank",HIGH
/admin/team-parts/info/weeks,조회·검증,no,,"cluster4_lines;cluster4_line_targets;weeks",yes,GET /api/admin/team-parts/info/weeks,,LOW
/admin/club-progress/weekly,조회·검증,no,,"cluster4_lines;cluster4_line_targets;weeks",yes,GET /api/admin/team-parts/info/weeks,,LOW
/admin/team-parts/info,조회·검증,no,,"cluster4_team_halves;cluster4_team_parts;user_memberships;user_profiles",yes,"GET /api/admin/team-parts/info;GET /api/admin/team-parts/info/summary",,LOW
/admin/team-parts/info/[clubId],관계·배정,yes,DELETE /api/admin/team-parts/info,"cluster4_team_halves;cluster4_team_parts",yes,"GET /api/admin/team-parts/info;GET /api/admin/team-parts/info/summary;GET /api/admin/team-parts/crew-lookup",,MEDIUM
/admin/team-parts/info/[clubId]/[teamHalfId],관계·배정,yes,"PATCH /api/admin/team-parts/info/team-detail/week-position;POST /api/admin/team-parts/info/team-detail/parts","cluster4_team_week_position_overrides;cluster4_team_parts;cluster4_weekly_card_snapshots",yes,"GET /api/admin/team-parts/info/team-detail;GET /api/admin/team-parts/info/team-detail/week-summary",/api/cluster4/weekly-cards,HIGH
/admin/team-parts/info/crew-week-results,조회·검증,no,,"weeks;cluster4_week_opening_configs",yes,GET /api/admin/team-parts/info/crew-week-results,,LOW
/admin/team-parts/info/crew-week-results/[organizationSlug],조회·검증,no,,"weeks;cluster4_week_opening_configs",yes,GET /api/admin/team-parts/info/crew-week-results,,LOW
/admin/team-parts/info/crew-week-results/[organizationSlug]/[weekId],상태 전이,yes,POST /api/admin/team-parts/info/crew-week-results/[organizationSlug]/[weekId],"cluster4_week_org_result_states;cluster4_week_finalize_runs;cluster4_week_finalize_run_crew_results;cluster4_week_finalize_run_team_results",yes,GET /api/admin/team-parts/info/crew-week-results/[organizationSlug]/[weekId],/api/cluster4/weekly-cards,HIGH
/admin/members,조회·검증,no,,"user_profiles;user_memberships;cluster4_roster_card_stats;cluster4_weekly_card_snapshots",yes,"GET /api/admin/members/roster;GET /api/admin/members/info-stats;GET /api/admin/season-weeks",,MEDIUM
/admin/crews/[organization],조회·검증,no,,"user_profiles;user_memberships;cluster4_roster_card_stats;cluster4_weekly_card_snapshots",yes,"GET /api/admin/members/roster;GET /api/admin/members/info-stats;GET /api/admin/season-weeks",,MEDIUM
/admin/members/[userId],복합 역할,yes,"PATCH /api/admin/members/[user_id];PUT /api/admin/members/[user_id]/note","user_profiles;crew_management_notes;user_role_audit;user_growth_status_audit",yes,GET /api/admin/members/[user_id],/api/cluster4/weekly-cards,MEDIUM
/admin/members/[userId]/weekly-status,조회·검증,no,,"user_week_statuses;user_growth_stats;user_weekly_points;weeks",yes,GET /api/admin/users/[user_id]/weekly-status,,MEDIUM
/admin/members/[userId]/weeks/[weekId],결과·실적 입력,yes,"PUT /api/admin/members/[user_id]/weeks/[week_id]/lines/[line_id];POST /api/admin/members/[user_id]/weeks/[week_id]/lines/[line_id]/close;PATCH /api/admin/members/[user_id]/weeks/[week_id]/lines/[line_id]/second-entry;POST /api/admin/members/[user_id]/weeks/[week_id]/lines/second-entry/bulk;POST /api/admin/members/[user_id]/weeks/[week_id]/acts/cancel;POST /api/admin/members/[user_id]/weeks/[week_id]/acts/supplement;POST /api/admin/members/[user_id]/weeks/[week_id]/experience-lines;POST /api/admin/members/[user_id]/weeks/[week_id]/competency-lines;POST /api/admin/members/[user_id]/weeks/[week_id]/lines/[line_id]/upload-image;PUT /api/admin/members/[user_id]/note","cluster4_lines;cluster4_line_targets;cluster4_line_submissions;cluster4_line_enhancement_overrides;cluster4_line_second_entry_overrides;cluster4_experience_line_evaluations;cluster4_career_line_evaluations;process_irregular_acts;process_point_awards;user_weekly_points;crew_management_notes",yes,"GET /api/admin/members/[user_id]/weeks/[week_id];GET /api/admin/members/[user_id]/weeks/[week_id]/acts;GET /api/admin/members/[user_id]/weeks/[week_id]/lines;GET /api/admin/members/[user_id]/weeks/[week_id]/lines/[line_id];GET /api/admin/members/[user_id]/weeks/[week_id]/competency-lines;GET /api/admin/members/[user_id]/weeks/[week_id]/experience-lines","/api/cluster4/weekly-cards;/api/cluster4/weekly-line-enhancement;/api/cluster4/lines/detail",HIGH
/admin/crews/[organization]/[legacy_user_id],결과·실적 입력,yes,PATCH /api/admin/crews/[legacy_user_id]/resume-card,"user_profiles;user_memberships;user_introductions;user_resume_card_settings",yes,"GET /api/admin/crews/[legacy_user_id]/resume-card;GET /api/admin/crews/[legacy_user_id]/resume-card/resume;GET /api/admin/settings/site/resume-card;GET /api/admin/settings/organizations/[organization]/resume-card",/api/cluster1/resume,HIGH
/admin/crews/[organization]/[legacy_user_id]/cluster2,결과·실적 입력,yes,PATCH /api/admin/crews/[legacy_user_id]/cluster2,"user_cluster2;user_introductions;user_educations;user_profiles",yes,GET /api/admin/crews/[legacy_user_id]/cluster2,/api/review-link,MEDIUM
/admin/crews/[organization]/[legacy_user_id]/cluster3,복합 역할,yes,"PATCH /api/admin/crews/[legacy_user_id]/cluster3;POST /api/admin/crews/[legacy_user_id]/cluster3/growth/rank/sync","portfolio_channel_cards;portfolio_top_cards;user_grade_stats",yes,"GET /api/admin/crews/[legacy_user_id]/cluster3;GET /api/admin/crews/[legacy_user_id]/cluster3/growth;GET /api/admin/crews/[legacy_user_id]/cluster3/growth/rank","/api/cluster3/club-rank;/api/cluster3/stats-cards",HIGH
/admin/crews/[organization]/[legacy_user_id]/cluster4,결과·실적 입력,yes,"PATCH /api/admin/crews/[legacy_user_id]/cluster4;DELETE /api/admin/crews/[legacy_user_id]/cluster4;PATCH /api/admin/edit-windows/[user_id]","season_reputations;weekly_reputations;weekly_reviews;weekly_colleagues;user_season_histories;user_edit_windows",yes,"GET /api/admin/crews/[legacy_user_id]/cluster4;GET /api/admin/crews/[legacy_user_id]/cluster4/weekly-growth","/api/weekly-reputations;/api/cluster4/weekly-cards;/api/edit-windows/permission",HIGH
/admin/users/app-users,관계·배정,yes,PATCH /api/admin/user-profiles/[user_id]/organization,"user_profiles;organizations",yes,"GET /api/admin/app-users;GET /api/admin/organizations",/api/members/find,HIGH
/admin/users/applicants,상태 전이,yes,"POST /api/admin/applicants/[id]/approve-new;POST /api/admin/applicants/[id]/approve-existing;POST /api/admin/applicants/[id]/reject;POST /api/admin/applicants/approve-all;PATCH /api/admin/user-profiles/[user_id]/organization","applicants;user_profiles;users;auth_accounts",yes,"GET /api/admin/applicants;GET /api/admin/user-profiles/search;GET /api/admin/app-users",/api/members/find,HIGH
/admin/operation-health-check,집계·파생,yes,POST /api/admin/operation-health-check/recalculate-growth-stats,user_growth_stats,yes,GET /api/admin/operation-health-check,/api/cluster1/resume,MEDIUM
/admin/test-users,조회·검증,yes,"POST /api/admin/qa/run-now/user-snapshot;POST /api/admin/qa/run-now/snapshot-batch","cluster4_weekly_card_snapshots;qa_run_now_log",yes,"GET /api/admin/test-users;GET /api/admin/qa/run-now/logs",/api/cluster4/weekly-cards,MEDIUM
