domain,data_item,writer_page,write_api,source_table,source_column,interpretation_rule,consumer_type,consumer,read_api,dto_field,transform_or_fallback,snapshot_or_cache,confidence
기준정보-라인,라인 등록(원장),/admin/lines/register,POST /api/admin/lines/registrations,line_registrations,"hub;organization_slug;line_name;line_code;activity_type_id;status",additive 원장 — 기존 행 수정 대신 신규 행 추가(lib/adminLineRegistrationsData.ts),admin-page,/admin/lines/register,GET /api/admin/lines/registrations,rows[].lineName,,,HIGH
기준정보-라인,정보 라인 9종 고정 계약,/admin/lines/register,POST /api/admin/lines/registrations,line_registrations,activity_type_id,listInfoLineCatalog 단일 SoT — 신규 activity type 금지(422/409 검증) lib/adminInfoLineCatalog.ts,admin-page,/admin/line-opening/practical-info,GET /api/admin/cluster4/activity-types,items[].activityTypeId,미등록 activity type 은 422 로 거부,,HIGH
기준정보-라인,라인 마스터 브리지,/admin/lines/register,POST /api/admin/lines/registrations/[id]/bridge,cluster4_experience_line_masters,"line_name;organization_slug",lib/adminLineBridgeData.ts — line_registrations 를 hub 별 master 로 승격 후 line_registrations 에 역참조 기록,admin-page,/admin/line-opening/practical-experience,GET /api/admin/cluster4/experience-line-masters,items[].id,,,HIGH
기준정보-라인,라인 마스터 브리지,/admin/lines/register,POST /api/admin/lines/registrations/[id]/bridge,cluster4_competency_line_masters,"line_name;organization_slug",lib/adminLineBridgeData.ts,admin-page,/admin/line-opening/practical-competency,GET /api/admin/cluster4/competency-line-masters,items[].id,,,HIGH
기준정보-라인,라인 마스터 브리지,/admin/lines/register,POST /api/admin/lines/registrations/[id]/bridge,career_projects,"project_name;organization_slug",lib/adminLineBridgeData.ts,admin-page,/admin/line-opening/practical-career,GET /api/admin/cluster4/career-line-options,options[].id,,,HIGH
기준정보-라인,마스터 drift 가드,UNKNOWN,UNKNOWN,line_registrations,bridged_master_id,lib/lineMasterDriftGuard.ts — master 이름 변경 시 line_registrations 를 update 로 재동기(부수효과 쓰기),admin-page,/admin/lines/register,GET /api/admin/lines/registrations,rows[].bridgeState,읽기 요청 중 자동 교정 쓰기 발생,,MEDIUM
기준정보-라인,라인 포인트 배점,/admin/lines/register,PUT /api/admin/lines/point-configs,cluster4_line_point_configs,"line_master_id;point_check;point_advantage;point_penalty",lib/adminLinePointConfigsData.ts — 역량 master 단위 배점,batch,processPointAccrual,,,적립 시 배점 조회,,HIGH
기준정보-라인,라인 소요 시간,/admin/lines/register,POST /api/admin/lines/registrations,line_registrations,duration_minutes,lib/lineDuration 규칙 — 라인 등록의 소요시간이 카드 표시 SoT,external-api,크루앱 주차카드,/api/cluster4/weekly-cards,cards[].lines[].durationMinutes,,cluster4_weekly_card_snapshots,MEDIUM
기준정보-기간,시즌 정의,/admin/periods/register,POST /api/admin/season-weeks,seasons,"season_key;start_date;end_date",app/api/admin/season-weeks/route.ts 직접 insert,admin-page,/admin/periods/register,GET /api/admin/season-weeks,seasons[],,,HIGH
기준정보-기간,주차 정의,/admin/periods/register,POST /api/admin/season-weeks,weeks,"season_key;week_number;start_date;end_date;iso_year;iso_week",주차 경계 00:01 KST — lib/weekBoundary 규칙. iso_year/iso_week 가 user_weekly_points 조인 키,admin-page,전 주차 화면,GET /api/admin/cluster4/weeks-options,weeks[].weekId,,,HIGH
기준정보-기간,전환 주차,UNKNOWN,UNKNOWN,weeks,"season_key;week_number",전환주차는 다음 시즌 W0 으로 취급(lib/adminSeasonWeeksData.ts),admin-page,/admin/team-parts/info/weeks,GET /api/admin/team-parts/info/weeks,weeks[],정보 주차 목록에서 전환주차 제외,,MEDIUM
기준정보-기간,시즌 메타(파생),없음,없음,season_definitions,"season_key;label;order",읽기 전용 기준표 — 어드민에 쓰기 경로 없음(W:0 R:16),admin-page,다수,다수,seasonLabel,,,HIGH
기준정보-기간,공식 휴식 기간,/admin/official-rest-periods,POST /api/admin/official-rest-periods,official_rest_periods,"organization_slug;start_date;end_date;reason",lib/officialRestPeriodsData.ts — 조직 단위 전역 휴식,external-api,크루앱 주차카드,/api/cluster4/weekly-cards,cards[].isRestWeek,,cluster4_weekly_card_snapshots,HIGH
기준정보-기간,공식 휴식 주차(파생),없음,없음,official_rest_weeks,UNKNOWN,읽기 전용(lib/adminSeasonWeeksData.ts 1곳),admin-page,/admin/periods/register,GET /api/admin/season-weeks,weeks[].isOfficialRest,,,LOW
기준정보-기간,라인 개설 창,/admin/settings/line-opening-windows,POST /api/admin/line-opening-windows,line_opening_windows,"hub;organization_slug;week_id;opens_at;closes_at",lib/lineOpeningWindowsData.ts — org+hub 조합별 창. 금요일 경계 규칙 별도,admin-page,/admin/line-opening/practical-info,GET /api/admin/line-opening-windows/active,active[].windowId,창 없으면 기본 정책 폴백,,HIGH
기준정보-기간,프로세스 체크 창,/admin/settings/process-check-windows,POST /api/admin/process-check-windows,process_check_windows,"hub;week_id;opens_at;closes_at",lib/processCheckWindowsData.ts,admin-page,/admin/processes/check/info,GET /api/admin/processes/check,windows[],예외 주차 별도 규칙,,HIGH
기준정보-기간,수정 창(사용자별),/admin/settings/edit-windows,PATCH /api/admin/edit-windows/[user_id],user_edit_windows,"user_id;week_id;opens_at;closes_at",lib/adminEditWindowsData.ts — weekId 키. 등급 척도 별도,external-api,크루앱,/api/edit-windows/permission,canEdit,,,HIGH
기준정보-프로세스,라인 그룹,/admin/processes/register,POST /api/admin/processes/line-groups,process_line_groups,"hub;group_name;scope_type;organization_slug",scope_type 이 파트 전용 여부의 명시 SoT(isPartLineGroupName 대체) lib/adminProcessesData.ts,admin-page,/admin/processes/check/info,GET /api/admin/processes/line-groups,groups[].scopeType,,,HIGH
기준정보-프로세스,액트 마스터,/admin/processes/register,POST /api/admin/processes/acts,process_acts,"line_group_id;act_name;point_check;point_advantage;point_penalty",lib/adminProcessesData.ts — 배점 3종이 적립 산식 입력,batch,processPointAccrual,,,point_check→points / point_advantage→advantages / point_penalty→penalty,,HIGH
기준정보-프로세스,액트 소프트 취소,UNKNOWN,UNKNOWN,process_acts,UNKNOWN,소프트 취소 정책 — 물리 삭제 대신 상태 전이,admin-page,/admin/processes/register,GET /api/admin/processes/info,acts[],,,LOW
계정·권한,관리자 계정,/admin/settings/accounts,POST /api/admin/accounts,admin_users,"user_id;role;display_name",lib/adminAccountsData.ts — users/user_profiles 동시 생성,admin-page,전 페이지 인증,GET /api/admin/me,role,,,HIGH
계정·권한,관리자 권한 감사,/admin/settings/accounts,PATCH /api/admin/accounts/[user_id],user_role_audit,UNKNOWN,쓰기 전용 감사 로그(W:2 R:0) — 어드민에 조회 화면 없음,other,없음,,,,,HIGH
계정·권한,역할 권한,/admin/settings/permissions,PATCH /api/admin/permissions/[key],role_permissions,"permission_key;role;allowed",lib/adminPermissionsData.ts,admin-page,사이드바/메뉴 게이트,GET /api/admin/permissions,items[].allowed,,,HIGH
계정·권한,권한 변경 감사,/admin/settings/permissions,PATCH /api/admin/permissions/[key],role_permissions_audit,UNKNOWN,쓰기 전용(W:1 R:0),other,없음,,,,,HIGH
계정·권한,가입 대기자 승인,/admin/users/applicants,POST /api/admin/applicants/[id]/approve-new,applicants,status,lib/adminApplicantData.ts — user_profiles/users/auth_accounts 동시 변경,admin-page,/admin/users/applicants,GET /api/admin/applicants,items[].status,,,HIGH
계정·권한,OAuth provider 연결,/admin/users/applicants,POST /api/admin/applicants/[id]/approve-existing,auth_accounts,UNKNOWN,provider 키 기반 연결 — 쓰기 전용(W:1 R:0),other,없음,,,,,MEDIUM
계정·권한,사용자 조직 배정,/admin/users/app-users,PATCH /api/admin/user-profiles/[user_id]/organization,user_profiles,organization_slug,모든 org 스코프 판정의 뿌리 — lib/userScope.ts / lib/adminOrgAccess.ts,admin-page,전 org 스코프 화면,다수,organization,,,HIGH
계정·권한,관리자별 허용 조직,UNKNOWN,UNKNOWN,user_profiles,organization_slug,lib/adminOrgAccess.ts assertOrgAccess — admin_users.role + user_profiles.organization 조합,admin-page,team-parts/rest-management/lines 계열,다수,,,,HIGH
라인 운영,라인 인스턴스(정보),/admin/line-opening/practical-info,POST /api/admin/cluster4/info-lines,cluster4_lines,"week_id;activity_type_id;line_name;organization_slug;status;opened_at",app/api/admin/cluster4/info-lines/route.ts 직접 insert. 0-target sentinel 규칙 별도,external-api,크루앱 주차카드,/api/cluster4/weekly-cards,cards[].lines[],,cluster4_weekly_card_snapshots,HIGH
라인 운영,라인 대상자,/admin/line-opening/practical-info,POST /api/admin/cluster4/info-lines,cluster4_line_targets,"line_id;user_id;status",대상자 = 라인 수혜 크루. lib/userScope.ts assertUserIdsInScope 로 org/mode 가드,external-api,크루앱 라인 상세,/api/cluster4/lines/detail,targets[],,,HIGH
라인 운영,라인 인스턴스(경험),/admin/line-opening/practical-experience,POST /api/admin/cluster4/experience-lines,cluster4_lines,"week_id;line_name;organization_slug",app/api/admin/cluster4/experience-lines/route.ts 직접 insert,external-api,크루앱 주차카드,/api/cluster4/weekly-cards,cards[].lines[],,cluster4_weekly_card_snapshots,HIGH
라인 운영,라인 인스턴스(역량),/admin/line-opening/practical-competency,POST /api/admin/cluster4/competency-lines,cluster4_lines,"week_id;line_name;organization_slug",app/api/admin/cluster4/competency-lines/route.ts 직접 insert + 적립 연동,external-api,크루앱 주차카드,/api/cluster4/weekly-cards,cards[].lines[],,cluster4_weekly_card_snapshots,HIGH
라인 운영,라인 인스턴스(커리어),/admin/line-opening/practical-career,POST /api/admin/cluster4/career-lines,cluster4_lines,"week_id;career_project_id;organization_slug",app/api/admin/cluster4/career-lines/route.ts 직접 insert,external-api,크루앱 주차카드,/api/cluster4/weekly-cards,cards[].lines[],,cluster4_weekly_card_snapshots,HIGH
라인 운영,라인 마감,/admin/members/[userId]/weeks/[weekId],POST /api/admin/members/[user_id]/weeks/[week_id]/lines/[line_id]/close,cluster4_lines,"status;closed_at",lib/lineResultAwardReconcile.ts — 마감 시 process_point_awards 와 정합 재조정,external-api,크루앱,/api/cluster4/weekly-cards,cards[].lines[].status,,,HIGH
라인 운영,라인 자동 마감(배치),없음,POST /api/admin/cluster4/lines/run-due-closes,cluster4_lines,status,lib/cluster4LineCloseDueSweep.ts — CRON_SECRET 서버 트리거. vercel.json 에 cron 정의 없음(Hobby),batch,cluster4LineCloseDueSweep,,,,,HIGH
라인 운영,라인 제출물,없음(크루 입력),POST /api/cluster4/lines/[lineTargetId]/submission,cluster4_line_submissions,"line_target_id;content;submitted_at",lib/cluster4LinesData.ts — 크루앱이 쓰고 어드민이 읽는 역방향 흐름,admin-page,/admin/members/[userId]/weeks/[weekId],GET /api/admin/members/[user_id]/weeks/[week_id]/lines,lines[].submission,user_edit_windows 로 편집 가능 여부 게이트,,HIGH
라인 운영,라인 강화 override,/admin/members/[userId]/weeks/[weekId],PUT /api/admin/members/[user_id]/weeks/[week_id]/lines/[line_id],cluster4_line_enhancement_overrides,UNKNOWN,lib/cluster4EnhancementOverride.ts — 계산된 강화율을 수동 덮어쓰기,external-api,크루앱 라인 강화 내역,/api/cluster4/weekly-line-enhancement,lines[].enhancement,override 없으면 계산값,,HIGH
라인 운영,강화율 통일 규칙,없음,없음,cluster4_line_enhancement_overrides,UNKNOWN,강화율 SoT 통일 — 페이지별 재계산 금지. 대기 48h 규칙 별도,external-api,크루앱,/api/cluster4/weekly-line-enhancement,,projectCrewLineEnhancement 투영,,MEDIUM
라인 운영,2차 기입 override,/admin/members/[userId]/weeks/[weekId],PATCH /api/admin/members/[user_id]/weeks/[week_id]/lines/[line_id]/second-entry,cluster4_line_second_entry_overrides,UNKNOWN,lib/cluster4SecondEntryOverride.ts,external-api,크루앱,/api/cluster4/weekly-cards,,,cluster4_weekly_card_snapshots,MEDIUM
라인 운영,라인 개설 로그,/admin/line-opening/practical-info,POST /api/admin/cluster4/info-lines,cluster4_line_opening_logs,"line_id;actor_user_id;action;occurred_at",lib/adminCluster4OpeningLogs.ts — actor 컨텍스트 기록,admin-page,/admin/line-opening/practical-info,GET /api/admin/cluster4/opening-logs,logs[],,,HIGH
라인 운영,라인 개설 포인트,/admin/line-opening/practical-info,POST /api/admin/cluster4/info-lines,process_point_awards,"source='line';ref_id",lib/processPointAccrual.ts accrueForLine — 라인 개설이 적립을 유발,external-api,크루앱 품계,/api/cluster3/club-rank,avgPercentile,,clubRankComputationCache,HIGH
라인 운영,라인 이력 집계,없음,없음,cluster4_lines,"status;opened_at",lib/adminCluster4LinesData.ts — raw 라인 개수 집계(요약 재계산 아님),admin-page,/admin/line-opening/line-history,GET /api/admin/cluster4/lines/history,rows[],허브별 그룹 표로 별도 성형,,MEDIUM
라인 운영,라인 org 감사(전수),없음,없음,cluster4_weekly_card_snapshots,cards,lib/adminCluster4LinesData.ts collectLineOrgAudience — 라인마다 snapshot 전수 + user_profiles.org 조합,admin-page,/admin/line-opening/line-history,GET /api/admin/cluster4/lines/history,rows[].orgAudience,snapshot 없으면 누락,cluster4_weekly_card_snapshots,MEDIUM
경험 워크플로,경험 초안,/admin/line-opening/practical-experience,POST /api/admin/cluster4/experience-drafts,cluster4_experience_line_drafts,"week_id;line_name;status;organization_slug",lib/adminExperienceDraftData.ts — 초안→검수→개설 3단,admin-page,/admin/line-opening/practical-experience,GET /api/admin/cluster4/experience-drafts,drafts[].status,,,HIGH
경험 워크플로,경험 초안 검수,/admin/line-opening/practical-experience,PATCH /api/admin/cluster4/experience-drafts/[id]/review,cluster4_experience_line_drafts,"status;reviewed_at",lib/adminExperienceDraftData.ts,admin-page,/admin/line-opening/practical-experience,GET /api/admin/cluster4/experience-workflow-summary,summary,,,HIGH
경험 워크플로,경험 초안 개설,/admin/line-opening/practical-experience,POST /api/admin/cluster4/experience-drafts/open,cluster4_lines,UNKNOWN,lib/adminExperienceDraftData.ts — 초안 승인 시 cluster4_lines + targets + evaluations 동시 insert,external-api,크루앱,/api/cluster4/weekly-cards,cards[].lines[],,cluster4_weekly_card_snapshots,HIGH
경험 워크플로,파트 입력,/admin/line-opening/practical-experience,POST /api/admin/cluster4/experience/part-input,cluster4_experience_part_submissions,"week_id;team_id;part_type;organization_slug",lib/adminExperiencePartInput.ts — 저장 게이트 키 = part_type,admin-page,/admin/line-opening/practical-experience,GET /api/admin/cluster4/experience/part-input,parts[],,,HIGH
경험 워크플로,파트 입력 셀,/admin/line-opening/practical-experience,POST /api/admin/cluster4/experience/part-input,cluster4_experience_part_submission_cells,UNKNOWN,lib/adminExperiencePartInput.ts,admin-page,/admin/line-opening/practical-experience,GET /api/admin/cluster4/experience/part-input,parts[].cells,,,HIGH
경험 워크플로,팀 총괄,/admin/line-opening/practical-experience,POST /api/admin/cluster4/experience/team-overall,cluster4_experience_team_overall,"week_id;team_id;status;reviewed_at",lib/adminExperienceTeamOverall.ts — 총괄 확정이 라인 개설을 유발,external-api,크루앱,/api/cluster4/weekly-cards,,,cluster4_weekly_card_snapshots,HIGH
경험 워크플로,팀 총괄 셀,/admin/line-opening/practical-experience,POST /api/admin/cluster4/experience/team-overall,cluster4_experience_team_overall_cells,UNKNOWN,lib/adminExperienceTeamOverall.ts — delete+insert 재작성,admin-page,/admin/line-opening/practical-experience,GET /api/admin/cluster4/experience/team-overall,cells[],,,HIGH
경험 워크플로,팀 총괄 산출물,/admin/line-opening/practical-experience,POST /api/admin/cluster4/experience/team-overall,cluster4_experience_team_overall_outputs,UNKNOWN,개설 링크·이미지 필수 검증,admin-page,/admin/line-opening/practical-experience,GET /api/admin/cluster4/experience/team-overall,outputs[],,,HIGH
경험 워크플로,팀 총괄 개설 라인,/admin/line-opening/practical-experience,POST /api/admin/cluster4/experience/team-overall,cluster4_experience_team_overall_opened_lines,UNKNOWN,lib/adminExperienceTeamOverall.ts — 총괄이 실제 개설한 라인 추적,admin-page,/admin/team-parts/info/weeks/[weekId],GET /api/admin/team-parts/info/weeks/[weekId]/line-opening-management,openedLines[],,,HIGH
경험 워크플로,검수 자동취소(파트 변경),/admin/line-opening/practical-experience,POST /api/admin/cluster4/experience/part-input,cluster4_experience_team_overall,"status='none';reviewed_at",lib/adminExperienceReviewReset.ts — 409 확인 게이트 후 저장→취소 순서,admin-page,/admin/line-opening/practical-experience,GET /api/admin/cluster4/experience/team-overall,status,,,HIGH
경험 워크플로,경험 평가,/admin/line-opening/practical-experience,POST /api/admin/cluster4/experience/team-overall,cluster4_experience_line_evaluations,UNKNOWN,lib/adminExperienceTeamOverall.ts insert/delete,external-api,크루앱 라인 상세,/api/cluster4/lines/detail,evaluation,,,HIGH
경험 워크플로,경험 개설 로그,/admin/line-opening/practical-experience,POST /api/admin/cluster4/experience/part-input,cluster4_experience_opening_logs,"actor_user_id;action;occurred_at",lib/adminExperienceOpeningLogs.ts — actAsTestUserId 시 액터 컨텍스트 분기,admin-page,/admin/line-opening/practical-experience,GET /api/admin/cluster4/experience/opening-logs,logs[],,,HIGH
경험 워크플로,경험 연장 기간,없음,없음,cluster4_experience_extension_periods,UNKNOWN,읽기 전용(W:0 R:3) — 개설 상태 판정 입력,admin-page,/admin/line-opening/practical-experience,GET /api/admin/cluster4/experience/opening-status,extension,,,MEDIUM
경험 워크플로,경험 개설 상태,없음,없음,"cluster4_line_targets;cluster4_lines;cluster4_experience_extension_periods",UNKNOWN,app/api/admin/cluster4/experience/opening-status/route.ts 직접 조합 + adminTeamPartsInfoWeekDetailData 의 week open 게이트,admin-page,/admin/line-opening/practical-experience,GET /api/admin/cluster4/experience/opening-status,status,demoUserId 분기 존재,,MEDIUM
역량 워크플로,역량 신청,/admin/line-opening/practical-competency,POST /api/admin/cluster4/competency/applications,cluster4_competency_applications,"week_id;user_id;line_master_id;status",lib/adminCompetencyApplications.ts,admin-page,/admin/line-opening/practical-competency,GET /api/admin/cluster4/competency/applications,items[].status,,,HIGH
역량 워크플로,역량 개설,/admin/line-opening/practical-competency,POST /api/admin/cluster4/competency/opening,cluster4_competency_week_output,UNKNOWN,lib/adminCompetencyLineOpening.ts — 개설 링크·설명 필수. 즉시 snapshot invalidate,external-api,크루앱,/api/cluster4/weekly-cards,,,cluster4_weekly_card_snapshots,HIGH
역량 워크플로,역량 개설 상태,없음,없음,"cluster4_line_targets;cluster4_lines",UNKNOWN,lib/adminCompetencyLineOpening.ts — 분모=개설 대상자만,admin-page,/admin/line-opening/practical-competency,GET /api/admin/cluster4/competency/opening-status,status,demoUserId 분기 존재,,MEDIUM
역량 워크플로,역량 개설 로그,/admin/line-opening/practical-competency,POST /api/admin/cluster4/competency/opening,cluster4_competency_opening_logs,"actor_user_id;occurred_at",lib/adminCompetencyOpeningLogs.ts,admin-page,/admin/line-opening/practical-competency,GET /api/admin/cluster4/competency/opening-logs,logs[],,,HIGH
역량 워크플로,역량 라인 선택(크루별),/admin/members/[userId]/weeks/[weekId],POST /api/admin/members/[user_id]/weeks/[week_id]/competency-lines,"cluster4_lines;cluster4_line_targets",UNKNOWN,lib/adminCompetencyLineSelect.ts — 선택 변경 시 process_point_awards delete 로 적립 회수,external-api,크루앱,/api/cluster4/weekly-cards,cards[].lines[],,cluster4_weekly_card_snapshots,HIGH
역량 워크플로,경험 라인 선택(크루별),/admin/members/[userId]/weeks/[weekId],POST /api/admin/members/[user_id]/weeks/[week_id]/experience-lines,"cluster4_lines;cluster4_line_targets",UNKNOWN,lib/adminExperienceLineSelect.ts — process_point_awards delete 동반,external-api,크루앱,/api/cluster4/weekly-cards,cards[].lines[],,cluster4_weekly_card_snapshots,HIGH
프로세스 체크,체크 상태,/admin/processes/check/info,POST /api/admin/processes/check,process_check_statuses,"week_id;line_group_id;act_id;status;scope_mode",lib/adminProcessCheckData.ts — hub/org/team/part/mode 스코프 재현,admin-page,/admin/processes/check/info,GET /api/admin/processes/check,rows[].status,,,HIGH
프로세스 체크,체크 로그,/admin/processes/check/info,POST /api/admin/processes/check,process_check_logs,"scope_type;actor;occurred_at",lib/adminProcessCheckData.ts — scope_type 이 파트 독립 판정. TeamScopeLabel 로 배지 표시,admin-page,/admin/processes/check/info,GET /api/admin/processes/check,rows[].logs,,,HIGH
프로세스 체크,이행자(대상자),/admin/processes/check/info,POST /api/admin/processes/check,process_check_review_recipients,"source;ref_id;match_type;user_id",match_type='matched' 가 이행자. 대상자=카페 댓글 ∩ 소속(lib/processCheckScopeRoster.ts),batch,processPointAccrual,,,이행자→A/B / 비대상자→C,,HIGH
프로세스 체크,체크 롤백,/admin/processes/check/info,POST /api/admin/processes/check/rollback,"process_check_statuses;process_check_review_recipients","status;(delete)",lib/processCheckRollback.ts,admin-page,/admin/processes/check/info,GET /api/admin/processes/check,rows[].status,,,HIGH
프로세스 체크,댓글 재수집,/admin/processes/check/info,POST /api/admin/processes/check/recollect,process_check_review_recipients,"(delete+insert)",lib/processCheckDueSweep.ts — test_user_markers 로 테스트 모집단 분기,admin-page,/admin/processes/check/info,GET /api/admin/processes/check,rows[].collectionStatus,,,HIGH
프로세스 체크,체크 자동 실행(배치),없음,POST /api/admin/processes/check/run-due-checks,process_check_review_recipients,"(delete+insert)",lib/processCheckDueSweep.ts — CRON_SECRET 서버 트리거. mode 분기 존재,batch,processCheckDueSweep,,,,,HIGH
프로세스 체크,검수 시점(실제),UNKNOWN,UNKNOWN,process_check_statuses,UNKNOWN,검수시점(실제) SoT — 표시 시각은 집계창이 아니라 실제 이행 시각,admin-page,/admin/team-parts/info/weeks/[weekId],GET /api/admin/team-parts/info/weeks/[weekId]/act-check-management,rows[].reviewedAt,,,MEDIUM
프로세스 체크,비정규(변동) 액트,/admin/processes/check/irregular,POST /api/admin/processes/check/irregular,process_irregular_acts,"week_id;user_id;point_a;point_b;point_c",lib/adminProcessIrregularData.ts — ref_id 로 원장 연결,external-api,크루앱 품계,/api/cluster3/club-rank,avgPercentile,,clubRankComputationCache,HIGH
프로세스 체크,변동 액트 롤백,/admin/processes/check/irregular,POST /api/admin/processes/check/irregular/rollback,"process_irregular_acts;process_check_review_recipients","(delete)",lib/adminProcessIrregularData.ts,admin-page,/admin/processes/check/irregular,GET /api/admin/processes/check/irregular,items[],,,HIGH
프로세스 체크,수동 보완 부여,/admin/members/[userId]/weeks/[weekId],POST /api/admin/members/[user_id]/weeks/[week_id]/acts/supplement,process_irregular_acts,"point_a;point_b;point_c",lib/adminProcessIrregularData.ts 경유 수동 부여. mode=test 분기 존재,external-api,크루앱,/api/cluster4/weekly-cards,,,cluster4_weekly_card_snapshots,HIGH
프로세스 체크,액트 취소(영향 미리보기),/admin/members/[userId]/weeks/[weekId],POST /api/admin/members/[user_id]/weeks/[week_id]/acts/cancel/preview,"user_weekly_points;process_point_awards",UNKNOWN,lib/crewWeekMutationImpact.ts — 쓰기 전 영향 계산(읽기 전용),admin-page,/admin/members/[userId]/weeks/[weekId],POST .../acts/cancel/preview,impact,,,HIGH
프로세스 체크,액트 신청율,없음,없음,"process_acts;process_check_statuses",UNKNOWN,액트 체크 신청율 SoT — lib/adminActCheckApplicationInputs.ts,admin-page,/admin/team-parts/info/weeks/[weekId],GET /api/admin/team-parts/info/weeks/[weekId]/act-check-management,rows[].applicationRate,,,MEDIUM
프로세스 체크,Po.C 동시 차단,없음,없음,process_point_awards,UNKNOWN,resolveEffectivePenalty — A+C·B+C 동시 지급 금지(2026-07-04),batch,processPointAccrual,,,순수 수동 패널티만 C 유지,,HIGH
프로세스 체크,Point C 비대상자,없음,없음,process_point_awards,UNKNOWN,unselectedUsers = resolveCheckScopeRoster − matched. 소급 backfill 없음,external-api,크루앱 품계,/api/cluster3/club-rank,,,clubRankComputationCache,HIGH
포인트,적립 원장,없음(체크 완료 부수효과),POST /api/admin/processes/check,process_point_awards,"source;ref_id;user_id;week_id;points;advantages;penalty",lib/processPointAccrual.ts — 적립 SoT. (source;ref_id) 단위 reconcile(멱등),admin-page,/admin/members/[userId]/weeks/[weekId],GET /api/admin/members/[user_id]/weeks/[week_id]/acts,awards[],,,HIGH
포인트,주차 포인트 합,없음(적립 부수효과),POST /api/admin/processes/check,user_weekly_points,"points;advantages;penalty",원장 (user;iso_year;iso_week) 합으로 **전량 재계산**(증분 금지). composeWeeklyPointTotals,external-api,크루앱 품계,/api/cluster3/club-rank,avgPercentile,,clubRankComputationCache,HIGH
포인트,레거시 기준층,없음(마이그레이션),POST /api/admin/pms/sync-pointlogs,user_weekly_points,"legacy_points;legacy_advantages;legacy_penalty",lib/userWeeklyPointsBaseline.ts — points = legacy_* 기준층 + 활성 award 기여층. award 취소 시 기준값 복귀,external-api,크루앱 품계,/api/cluster3/club-rank,avgPercentile,마이그레이션 2026-07-26 미적용 시 폴백 경로,,HIGH
포인트,레거시 원장(PMS),없음,POST /api/admin/pms/sync-pointlogs,legacy_point_ledger,UNKNOWN,lib/pmsPointlogsSync.ts — PMS pointlogs 증분 동기. 07-25 uwp 소멸 복구 원천,batch,pmsPointlogsSync,,,,,HIGH
포인트,누적 포인트,없음,POST /api/admin/pms/sync-pointlogs,user_cumulative_points,UNKNOWN,lib/pmsPointlogsSync.ts upsert — **어드민 내 읽기 소비처 없음**(W:1 R:0). 크루앱/프론트 소비 추정,external-api,UNKNOWN,UNKNOWN,UNKNOWN,,,LOW
포인트,포인트 표시 해석,없음,없음,user_weekly_points,"points;advantages;penalty",lib/pointResolver.ts — Point C 양수 정규화 규칙 포함,admin-page,/admin/members/[userId]/weekly-status,GET /api/admin/users/[user_id]/weekly-status,weeks[].points,,,MEDIUM
포인트,주차 포인트(주차상세),없음,없음,user_weekly_points,"points;advantages;penalty",lib/adminUserWeeklyStatusData.ts — weeks 조인으로 주차별 전개,admin-page,/admin/members/[userId]/weekly-status,GET /api/admin/users/[user_id]/weekly-status,weeks[],,,HIGH
포인트,라인 가용성 판정 입력,없음,없음,user_weekly_points,UNKNOWN,lib/lineAvailability.ts — 포인트를 슬롯 정책 입력으로 사용(CLUSTER4_SLOT_POLICY_EFFECTIVE_FROM),admin-page,/admin/line-opening/practical-info,GET /api/admin/cluster4/info-lines,items[].available,,,MEDIUM
주차 상태,주차 결과 공표,/admin/week-recognitions,PATCH /api/admin/weeks/[week_id]/publish-result,weeks,result_published_at,lib/adminWeekRecognitionsData.ts — is(null) 가드로 1회만 전이,external-api,크루앱,/api/cluster4/weekly-cards,cards[].isPublished,,cluster4_weekly_card_snapshots,HIGH
주차 상태,주차 결과 검수,/admin/week-recognitions,PATCH /api/admin/weeks/[week_id]/review-result,weeks,result_reviewed_at,lib/adminWeekRecognitionsData.ts,admin-page,/admin/week-recognitions,GET /api/admin/week-recognitions,weeks[].reviewedAt,컬럼 미존재 시 select 폴백(마이그 미적용),,HIGH
주차 상태,활동 인정 개수 N,/admin/week-recognitions,PATCH /api/admin/weeks/[week_id]/check-threshold,weeks,check_threshold,lib/adminWeekRecognitionsData.ts — 인정 임계값. 변경 시 recognitions stale,admin-page,/admin/week-recognitions,GET /api/admin/week-recognitions,weeks[].checkThreshold,컬럼 미존재 시 폴백,,HIGH
주차 상태,자동 공표 보류,없음,POST /api/admin/weeks/run-due-week-actions,weeks,auto_publish_hold_at,lib/operationalState/weekResultState.ts,batch,dueWeekActionsSweep,,,,,MEDIUM
주차 상태,공표 되돌리기,/admin/weekly-card-finalization,POST /api/admin/weekly-card-finalization/revert,weeks,"result_published_at=null;result_reviewed_at=null",lib/adminWeeklyCardFinalizationData.ts — 두 컬럼 동시 null 복귀,external-api,크루앱,/api/cluster4/weekly-cards,,,cluster4_weekly_card_snapshots,HIGH
주차 상태,주차 자동 액션 로그,없음,POST /api/admin/weeks/run-due-week-actions,week_auto_action_log,UNKNOWN,lib/dueWeekActionsSweep.ts — 쓰기 전용(W:1 R:0). 조회 화면 없음,other,없음,,,,,HIGH
주차 상태,주차 개설 확정(조직),/admin/team-parts/info/weeks/[weekId],POST /api/admin/team-parts/info/weeks/[weekId]/open-confirm,cluster4_week_opening_configs,"week_id;organization_slug;confirmed_at",lib/adminTeamPartsInfoWeekDetailData.ts + rpc:apply_week_open_confirm. 목요일 00:01 재실행 게이트,external-api,크루앱,/api/cluster4/weekly-cards,,,cluster4_weekly_card_snapshots,HIGH
주차 상태,개설 확정 버전,없음,POST /api/admin/team-parts/info/weeks/[weekId]/open-confirm,cluster4_week_opening_config_versions,UNKNOWN,읽기 전용(W:0 R:2) — occur 시각 버전 판정,admin-page,/admin/team-parts/info/weeks/[weekId],GET /api/admin/team-parts/info/weeks/[weekId],versions[],,,MEDIUM
주차 상태,주차 검수 완료(조직),/admin/team-parts/info/weeks/[weekId],POST /api/admin/team-parts/info/weeks/[weekId]/review,cluster4_week_opening_configs,UNKNOWN,검수완료=최종확정. 단일패스 재계산(lib/reviewFinalize 계열),external-api,크루앱,/api/cluster4/weekly-cards,,,cluster4_weekly_card_snapshots,HIGH
주차 상태,검수 준비도,없음,없음,"weeks;cluster4_experience_line_evaluations",UNKNOWN,lib/adminWeekReviewReadiness.ts — 적립 게이트=체크 대상자 존재 여부,admin-page,/admin/team-parts/info/weeks/[weekId],GET /api/admin/team-parts/info/weeks/[weekId]/review-readiness,readiness,,,HIGH
주차 상태,인정 미리보기,/admin/team-parts/info/weeks/[weekId],POST /api/admin/team-parts/info/weeks/[weekId]/recognition-preview,UNKNOWN,UNKNOWN,lib/weekRecognitionResolve.ts — cluster4_week_opening_configs 쓰기 부수효과 존재. actAsTestUserId/demoUserId 분기,admin-page,/admin/team-parts/info/weeks/[weekId],POST .../recognition-preview,preview,,,MEDIUM
주차 상태,조직별 검수 상태,/admin/team-parts/info/crew-week-results/[organizationSlug]/[weekId],POST /api/admin/team-parts/info/crew-week-results/[organizationSlug]/[weekId],cluster4_week_org_result_states,"week_id;organization_slug;scope;status;published_at;review_started_at;reviewed_by",lib/weekOrgResultState.ts — status∈{aggregating;reviewing;published}. scope=operating|test 독립,admin-page,/admin/team-parts/info/crew-week-results,GET /api/admin/team-parts/info/crew-week-results,rows[].status,행 없으면 source='legacy' 폴백(시각 전부 null),,HIGH
주차 상태,공표 실행 기록,/admin/team-parts/info/crew-week-results/[organizationSlug]/[weekId],POST /api/admin/team-parts/info/crew-week-results/[organizationSlug]/[weekId],cluster4_week_finalize_runs,UNKNOWN,lib/crewWeekPublish.ts — 공표 시 run 단위 기록,admin-page,/admin/team-parts/info/crew-week-results/[organizationSlug]/[weekId],GET .../crew-week-results/[organizationSlug]/[weekId],runs[],,,HIGH
주차 상태,공표 크루 결과,/admin/team-parts/info/crew-week-results/[organizationSlug]/[weekId],POST /api/admin/team-parts/info/crew-week-results/[organizationSlug]/[weekId],cluster4_week_finalize_run_crew_results,UNKNOWN,lib/crewWeekPublish.ts — 공표 시점 user_weekly_points 스냅샷 성격,admin-page,/admin/team-parts/info/crew-week-results/[organizationSlug]/[weekId],GET .../[weekId],crewResults[],,공표 시점 고정,HIGH
주차 상태,공표 팀 결과,/admin/team-parts/info/crew-week-results/[organizationSlug]/[weekId],POST /api/admin/team-parts/info/crew-week-results/[organizationSlug]/[weekId],cluster4_week_finalize_run_team_results,UNKNOWN,lib/crewWeekPublish.ts,admin-page,/admin/team-parts/info/crew-week-results/[organizationSlug]/[weekId],GET .../[weekId],teamResults[],,공표 시점 고정,HIGH
주차 상태,주차 결과 투영(크루),없음,없음,"weeks;cluster4_week_opening_configs",UNKNOWN,lib/crewWeeklyResultProjection.ts — 완료=org published 만. 시간은 집계창만. actAsTestUserId 분기,admin-page,/admin/team-parts/info/crew-week-results,GET /api/admin/team-parts/info/crew-week-results,rows[],,,HIGH
주차 상태,UWS 확정,없음,POST /api/admin/team-parts/info/weeks/[weekId]/review,user_week_statuses,UNKNOWN,lib/adminWeekUwsFinalize.ts — delete+insert+update 3중. cluster4_week_finalize_runs 로그,external-api,크루앱,/api/cluster4/weekly-cards,cards[].status,,cluster4_weekly_card_snapshots,HIGH
주차 상태,주차 인정 상태,/admin/week-recognitions,PATCH /api/admin/week-recognitions/[user_week_status_id],user_week_statuses,status,lib/adminWeekRecognitionsData.ts,external-api,크루앱 이력서,/api/cluster1/resume,weeks[].status,,,HIGH
주차 상태,주차 카드 확정,/admin/weekly-card-finalization,POST /api/admin/weekly-card-finalization/finalize,"weeks;user_week_statuses",UNKNOWN,lib/adminWeeklyCardFinalizationData.ts — snapshot 대조 후 확정. mode=test 분기,external-api,크루앱,/api/cluster4/weekly-cards,,,cluster4_weekly_card_snapshots,HIGH
주차 상태,성장 재판정,없음,POST /api/admin/processes/check,user_week_statuses,UNKNOWN,lib/crewWeekGrowthRejudge.ts — 적립 후 성장 상태 재판정(insert/update),external-api,크루앱,/api/cluster3/stats-cards,process,,,HIGH
주차 상태,주차 성장 동기,/admin/crews/[organization]/[legacy_user_id]/cluster4,POST /api/admin/crews/[legacy_user_id]/cluster4/weekly-growth/sync,user_week_statuses,UNKNOWN,lib/cluster4WeeklyGrowthData.ts update,external-api,크루앱,/api/cluster4/weekly-growth,weeks[],,,HIGH
성장·품계,성장 통계 캐시,/admin/operation-health-check,POST /api/admin/operation-health-check/recalculate-growth-stats,user_growth_stats,UNKNOWN,lib/userGrowthStatsData.ts upsert — **유일한 쓰기 경로**. 재계산은 수동 트리거,admin-page,/admin/members/[userId]/weekly-status,GET /api/admin/users/[user_id]/weekly-status,growthStats,stale 가능(자동 재계산 없음),user_growth_stats,HIGH
성장·품계,성장 통계 소비(이력서),없음,없음,user_growth_stats,UNKNOWN,lib/adminResumeCardData.ts — 이력서 카드가 캐시를 직접 읽음,admin-page,/admin/crews/[organization]/[legacy_user_id],GET /api/admin/crews/[legacy_user_id]/resume-card,resumeCard,,user_growth_stats,HIGH
성장·품계,성장 통계 소비(경험 총괄),없음,없음,user_growth_stats,UNKNOWN,lib/adminExperienceTeamOverall.ts — 총괄 계산 입력으로 캐시 사용,admin-page,/admin/line-opening/practical-experience,GET /api/admin/cluster4/experience/team-overall,cells[],,user_growth_stats,MEDIUM
성장·품계,품계 캐시,/admin/crews/[organization]/[legacy_user_id]/cluster3,POST /api/admin/crews/[legacy_user_id]/cluster3/growth/rank/sync,user_grade_stats,avg_percentile,lib/cluster3ClubRankData.ts syncGradeStats upsert — **어드민·크루앱 어디서도 읽지 않음**(W:1 R:0),other,없음,,,순수 write-only 캐시,user_grade_stats,HIGH
성장·품계,클럽 품계(백분위),없음,없음,user_weekly_points,"points;advantages;penalty",lib/cluster3ClubRankData.ts getClubRank — 전 모집단 주차별 RANK 실시간 계산. user_grade_stats 캐시 미참조,external-api,크루앱,/api/cluster3/club-rank,avgPercentile,,clubRankComputationCache(TTL 30s;프로세스 메모리),HIGH
성장·품계,품계 등급 3종,없음,없음,user_weekly_points,UNKNOWN,avgPercentile / rankGradeNumber / rankGradeLabel 을 **한 응답에서 함께** 파생(원천 혼합 금지 2026-07-26),external-api,크루앱,/api/cluster3/club-rank,"rankGrade;rankGradeNumber;rankGradeLabel",,clubRankComputationCache,HIGH
성장·품계,품계 동결,없음,없음,user_club_rank_frozen,UNKNOWN,읽기 전용(W:0 R:1) — 어드민에 쓰기 경로 없음. 동결 사용자는 계산 제외,external-api,크루앱,/api/cluster3/club-rank,isFrozen,,,MEDIUM
성장·품계,온보딩 1주차 제외,없음,없음,user_week_statuses,"iso_year;iso_week",getClubRank 이 user_week_statuses 최소 year/week 를 온보딩 기준으로 사용(단일 기준),external-api,크루앱,/api/cluster3/club-rank,avgPercentile,,,HIGH
성장·품계,누적 포인트 동기(RPC),없음,POST /api/admin/sync/grade-stats,rpc:sync_cumulative_points_for_user,UNKNOWN,lib/cluster3ClubRankData.ts — DB 함수 호출. 함수 본문은 레포 외부,batch,syncGradeStats,,,,,MEDIUM
성장·품계,성장 지표 3영역,없음,없음,"user_week_statuses;user_season_statuses;user_growth_status_audit",UNKNOWN,lib/cluster3GrowthData.ts getGrowthIndicators — 캐시 테이블 미참조 실시간 계산,external-api,크루앱,/api/cluster3/stats-cards,"process;period;points",,,HIGH
성장·품계,성장 상태(snapshot-first),없음,없음,cluster4_weekly_card_snapshots,cards,lib/cluster3GrowthData.ts — ResolvedWeek 소스를 snapshot 우선으로 읽고 없으면 실시간 계산,external-api,크루앱,/api/cluster3/growth-status-batch,items[].growthStatus,snapshot miss 시 실시간 폴백,cluster4_weekly_card_snapshots,HIGH
성장·품계,성장 중단 정책,없음,없음,user_profiles,UNKNOWN,lib/cluster4GrowthStopPolicy.ts — 중단 사용자 표시/판정 분기,external-api,크루앱,/api/cluster4/weekly-cards,cards[].growthStopped,,,MEDIUM
성장·품계,성장 상태 감사,/admin/members/[userId],PATCH /api/admin/members/[user_id],user_growth_status_audit,UNKNOWN,lib/adminMembersData.ts insert — 상태 변경 이력,external-api,크루앱,/api/cluster3/stats-cards,,,,HIGH
성장·품계,주차 등급 이력,UNKNOWN,UNKNOWN,user_week_grade_histories,UNKNOWN,lib/userWeekGradeHistory.ts — 쓰기·읽기 각 1곳. 트리거 페이지 미확인,other,UNKNOWN,UNKNOWN,UNKNOWN,,,LOW
스냅샷·캐시,주차 카드 snapshot,없음(부수효과),POST /api/admin/cluster4/recompute-user-snapshots,cluster4_weekly_card_snapshots,"user_id;cards;dto_version;is_stale;computed_at",lib/cluster4WeeklyCardsSnapshot.ts — DTO_VERSION=48. 사용자 1행 = 전 주차 카드 배열,external-api,크루앱,/api/cluster4/weekly-cards,cards[],"hit/stale/miss/error 4분기. version_mismatch·is_stale 도 카드 노출(빈 화면 방지)",cluster4_weekly_card_snapshots,HIGH
스냅샷·캐시,snapshot 무효화,없음(부수효과),POST /api/admin/processes/check,cluster4_weekly_card_snapshots,is_stale,invalidateWeeklyCardsForUsers — 적립·라인·주차 상태 쓰기 성공 후 호출. .in() URL 길이 절벽 주의,external-api,크루앱,/api/cluster4/weekly-cards,cards[],SNAPSHOT_RECOMPUTE_THRESHOLD=10 초과 시 지연 재계산,cluster4_weekly_card_snapshots,HIGH
스냅샷·캐시,snapshot 배치 재계산,/admin/test-users,POST /api/admin/qa/run-now/snapshot-batch,cluster4_weekly_card_snapshots,"cards;computed_at",recomputeStaleOrDueSnapshots — vercel cron 없음(Hobby) → 수동/서버 트리거 의존,batch,recomputeStaleOrDueSnapshots,GET /api/admin/cluster4/recompute-snapshots,,,cluster4_weekly_card_snapshots,HIGH
스냅샷·캐시,snapshot 투영(무저장),없음,POST /api/cluster4/weekly-cards-projection,cluster4_weekly_card_snapshots,cards,app/api/cluster4/weekly-cards-projection — 저장 없이 투영만 반환,external-api,크루앱,/api/cluster4/weekly-cards-projection,cards[],,,HIGH
스냅샷·캐시,로스터 카드 통계 캐시,없음(부수효과),POST /api/admin/qa/run-now/user-snapshot,cluster4_roster_card_stats,UNKNOWN,lib/cluster4WeeklyCardsSnapshot.ts writeRosterCardStats — snapshot 재계산의 부산물,admin-page,/admin/members,GET /api/admin/members/roster,rows[].stats,캐시 miss 시 snapshot cards 파싱 폴백,cluster4_roster_card_stats,HIGH
스냅샷·캐시,로스터 슬림 조회,없음,없음,"cluster4_roster_card_stats;cluster4_weekly_card_snapshots",UNKNOWN,lib/adminMembersData.ts — 로스터는 fat cards 대신 slim 캐시 우선. DB 포화 가드,admin-page,/admin/crews/[organization],GET /api/admin/members/roster,rows[],,cluster4_roster_card_stats,HIGH
스냅샷·캐시,정보 통계 카드,없음,없음,cluster4_weekly_card_snapshots,cards,lib/adminMembersInfoStats.ts — stale/version_mismatch 여도 cards 배열이면 사용. rpc:members_info_stats_card_rows 병행,admin-page,/admin/members,GET /api/admin/members/info-stats,rows[],demoUserId·mode=test 분기 존재,cluster4_weekly_card_snapshots,HIGH
스냅샷·캐시,품계 계산 캐시(메모리),없음,없음,없음(프로세스 메모리),없음,lib/clubRankComputationCache.ts — TTL 30s;전역 1개;single-flight;stale-while-error 없음. Vercel 다중 인스턴스라 best-effort,external-api,크루앱,/api/cluster3/club-rank,avgPercentile,쓰기 성공 후 invalidate. 공표 경로는 forceRefresh,clubRankComputationCache,HIGH
스냅샷·캐시,정합성 카드 대조,없음,없음,cluster4_weekly_card_snapshots,cards,lib/adminWeeklyCardFinalizationData.ts — 확정 전 snapshot 과 live 대조,admin-page,/admin/weekly-card-finalization,GET /api/admin/weekly-card-finalization/preview,diff[],,cluster4_weekly_card_snapshots,HIGH
팀·파트,반기별 팀,/admin/team-parts/info/[clubId],POST /api/admin/team-parts/info,cluster4_team_halves,"season_key;half;team_name;leader_user_id",lib/adminTeamHalvesData.ts — 팀장 이름 SoT 별도,admin-page,/admin/team-parts/info,GET /api/admin/team-parts/info,teams[],,,HIGH
팀·파트,파트 배정,/admin/team-parts/info/[clubId]/[teamHalfId],POST /api/admin/team-parts/info/team-detail/parts,cluster4_team_parts,"team_half_id;part_type;user_id",lib/adminTeamHalvesData.ts — 운용 파트 6개 제한. 팀장은 파트 없음,admin-page,/admin/team-parts/info/[clubId]/[teamHalfId],GET /api/admin/team-parts/info/team-detail,parts[],,,HIGH
팀·파트,직책 이력(UPH),없음,없음,user_position_histories,UNKNOWN,읽기 전용(W:0 R:3) — 어드민에 쓰기 경로 없음. lib/positionResolver.ts 가 단일 resolver,admin-page,/admin/team-parts/info/[clubId]/[teamHalfId],GET /api/admin/team-parts/info/team-detail/week-summary,rows[].position,,,HIGH
팀·파트,주차 직책 override,/admin/team-parts/info/[clubId]/[teamHalfId],PATCH /api/admin/team-parts/info/team-detail/week-position,cluster4_team_week_position_overrides,UNKNOWN,effective = override ?? UPH (lib/teamWeekPositionOverride.ts). 적용 순서 함정 존재,external-api,크루앱 주차카드,/api/cluster4/weekly-cards,"cards[].roleLabel;cards[].teamName;cards[].partName",override 없으면 UPH,cluster4_weekly_card_snapshots(v48 bump 사유),HIGH
팀·파트,클래스 라벨,없음,없음,cluster4_team_week_position_overrides,UNKNOWN,resolveCrewClassLabel — position_code 기반. roleLabel(등급)과 원천 분리,external-api,크루앱,/api/cluster4/weekly-cards,cards[].crewClassPositionCode,,cluster4_weekly_card_snapshots,HIGH
팀·파트,파트×주차 존재표,없음,없음,"user_position_histories;cluster4_team_parts",UNKNOWN,lib/adminTeamSelectedWeekSummary.ts — present 전주차 공통규칙(미래 투영 포함). 요약은 todayIso 이하,admin-page,/admin/team-parts/info/[clubId]/[teamHalfId],GET /api/admin/team-parts/info/team-detail/week-summary,matrix,,,HIGH
팀·파트,클럽 요약,없음,없음,"user_profiles;user_memberships",UNKNOWN,lib/adminClubSummaryData.ts — 요약은 현재시점 기준(과거 재현 아님),admin-page,/admin/team-parts/info,GET /api/admin/team-parts/info/summary,summary,,,HIGH
팀·파트,크루 조회(팀 배정용),없음,없음,"cluster4_team_halves;user_memberships",UNKNOWN,lib/adminTeamHalvesData.ts — 중복 제외(이미 배정된 크루),admin-page,/admin/team-parts/info/[clubId],GET /api/admin/team-parts/crew-lookup,crews[],,,HIGH
팀·파트,팀 목록(경험용),없음,없음,cluster4_teams,UNKNOWN,읽기 전용(W:0 R:6) — 어드민에 쓰기 경로 없음,admin-page,/admin/line-opening/practical-experience,GET /api/admin/cluster4/teams,teams[],,,HIGH
휴식,휴식 신청 승인,/admin/rest-management,PATCH /api/admin/rest-management/[id],vacation_requests,"status;request_type",lib/adminRestManagementData.ts — approved 만 휴식. pending/rejected/cancelled 는 휴식 아님,external-api,크루앱,/api/cluster4/weekly-cards,cards[].isRestWeek,,cluster4_weekly_card_snapshots,HIGH
휴식,승인 휴식 주차 loader,없음,없음,vacation_requests,"status='approved';week_start_date;week_id",lib/approvedRestWeeks.ts — 공통 SoT loader. 페이지별 재계산 금지,external-api,크루앱,/api/cluster1/resume,restWeekIds,,,HIGH
휴식,휴식 승인 부수효과,/admin/rest-management,POST /api/admin/rest-management/approve-all,"process_check_review_recipients;process_irregular_acts","(delete)",lib/adminRestManagementData.ts — 휴식 승인이 체크 대상자·변동 액트를 삭제,external-api,크루앱 품계,/api/cluster3/club-rank,avgPercentile,,clubRankComputationCache,HIGH
휴식,긴급 휴식,/admin/rest-management,POST /api/admin/rest-management/emergency,vacation_requests,"status;request_type='emergency'",lib/adminEmergencyRest.ts — process_irregular_acts insert/delete 동반. actAsTestUserId 분기,external-api,크루앱,/api/cluster4/weekly-cards,,,cluster4_weekly_card_snapshots,HIGH
휴식,레거시 휴식 상태,없음,없음,user_week_statuses,status='personal_rest',getUwsStatus 에서 vacation_requests 와 union — approvedRestWeeks 는 vacation_requests 만 읽음(이중 SoT 방지),external-api,크루앱,/api/cluster4/weekly-cards,cards[].status,,cluster4_weekly_card_snapshots,HIGH
휴식,개인 휴식 기간,없음,없음,crew_personal_rest_periods,UNKNOWN,읽기 전용(W:0 R:4) — 어드민에 쓰기 경로 없음. 원천 불명,external-api,크루앱,/api/cluster4/weekly-cards,,,,LOW
휴식,시즌 휴식,/admin/season-participations,PATCH /api/admin/season-participations/[user_season_status_id],user_season_statuses,status,lib/adminSeasonParticipationsData.ts + lib/seasonRestValidation.ts(user_week_statuses update 부수효과),external-api,크루앱 이력서,/api/cluster1/resume,seasons[].status,,,HIGH
휴식,현재 시즌 휴식,없음,없음,"weeks;user_season_statuses",UNKNOWN,lib/currentSeasonRest.ts — 카페 라인 크루 매칭 입력,admin-page,/admin/line-opening/practical-info,GET /api/admin/cluster4/cafe-line-crew,crews[],,,MEDIUM
이력서·프로필,이력서 카드 설정(사용자),/admin/crews/[organization]/[legacy_user_id],PATCH /api/admin/crews/[legacy_user_id]/resume-card,user_resume_card_settings,UNKNOWN,lib/adminResumeCardData.ts upsert — 3계층(user > organization > site),external-api,크루앱,/api/cluster1/resume,resumeCard,,,HIGH
이력서·프로필,이력서 카드 설정(조직),UNKNOWN,PATCH /api/admin/settings/organizations/[organization]/resume-card,organization_resume_card_settings,UNKNOWN,lib/adminResumeCardData.ts — 사용자 설정 없을 때 폴백,admin-page,/admin/crews/[organization]/[legacy_user_id],GET /api/admin/settings/organizations/[organization]/resume-card,settings,,,HIGH
이력서·프로필,이력서 카드 설정(사이트),UNKNOWN,PATCH /api/admin/settings/site/resume-card,site_resume_card_settings,UNKNOWN,lib/adminResumeCardData.ts — 최종 폴백,admin-page,/admin/crews/[organization]/[legacy_user_id],GET /api/admin/settings/site/resume-card,settings,,,HIGH
이력서·프로필,이력서 지표 3종,없음,없음,"user_week_statuses;user_memberships;user_season_statuses",UNKNOWN,lib/cluster1ResumeData.ts getCluster1Resume — 활동완료율·실무성적·일정신뢰도 단일 SoT. 프론트 자체 계산 금지,external-api,크루앱 사이드바,/api/cluster1/resume,"completionRate;practicalScore;scheduleReliability",8s 타임아웃 graft 정책,,HIGH
이력서·프로필,이력서 지표(어드민 동일),없음,없음,"user_week_statuses;user_memberships",UNKNOWN,동일 getCluster1Resume 재사용 → direct == admin HTTP == internal HTTP 정합 보장,admin-page,/admin/crews/[organization]/[legacy_user_id],GET /api/admin/crews/[legacy_user_id]/resume-card/resume,resume,,,HIGH
이력서·프로필,멤버십 등급,/admin/crews/[organization]/[legacy_user_id],PATCH /api/admin/crews/[legacy_user_id]/resume-card,user_memberships,"level;state",lib/adminResumeCardData.ts — **user_memberships 유일 쓰기 경로**(W:1 R:22). 상태=level,external-api,크루앱,/api/cluster4/weekly-cards,cards[].membershipLevel,,cluster4_weekly_card_snapshots,HIGH
이력서·프로필,자기소개,/admin/crews/[organization]/[legacy_user_id]/cluster2,PATCH /api/admin/crews/[legacy_user_id]/cluster2,user_introductions,UNKNOWN,lib/adminCluster2Data.ts upsert. adminResumeCardData 도 동일 테이블 쓰기(2 writer),external-api,크루앱,UNKNOWN,UNKNOWN,,,HIGH
이력서·프로필,cluster2 프로필,/admin/crews/[organization]/[legacy_user_id]/cluster2,PATCH /api/admin/crews/[legacy_user_id]/cluster2,user_cluster2,UNKNOWN,lib/adminCluster2Data.ts upsert,external-api,크루앱,UNKNOWN,UNKNOWN,,,MEDIUM
이력서·프로필,학력,/admin/crews/[organization]/[legacy_user_id]/cluster2,PATCH /api/admin/crews/[legacy_user_id]/cluster2,user_educations,UNKNOWN,lib/adminCluster2Data.ts — delete+insert 전량 재작성,external-api,크루앱,/api/schools/search,schools[],,,MEDIUM
이력서·프로필,리뷰 링크,없음(크루 입력),PUT /api/review-link,user_review_links,UNKNOWN,app/api/review-link/route.ts upsert — 순차 링크 정책. user_edit_windows 로 게이트,admin-page,/admin/crews/[organization]/[legacy_user_id]/cluster2,GET /api/admin/crews/[legacy_user_id]/cluster2,reviewLinks,,,HIGH
이력서·프로필,포트폴리오 채널,/admin/crews/[organization]/[legacy_user_id]/cluster3,PATCH /api/admin/crews/[legacy_user_id]/cluster3,portfolio_channel_cards,UNKNOWN,lib/adminCluster3Data.ts — delete+upsert. cluster3 버킷 규칙,external-api,크루앱,UNKNOWN,UNKNOWN,,,MEDIUM
이력서·프로필,포트폴리오 상단,/admin/crews/[organization]/[legacy_user_id]/cluster3,PATCH /api/admin/crews/[legacy_user_id]/cluster3,portfolio_top_cards,UNKNOWN,lib/adminCluster3Data.ts,external-api,크루앱,UNKNOWN,UNKNOWN,,,MEDIUM
이력서·프로필,크루 관리 노트,/admin/members/[userId],PUT /api/admin/members/[user_id]/note,crew_management_notes,UNKNOWN,lib/adminCrewManagementNotes.ts upsert — 어드민 전용(외부 미노출),admin-page,/admin/members/[userId],GET /api/admin/members/[user_id],note,,,HIGH
이력서·프로필,영문명,UNKNOWN,PATCH /api/admin/members/[user_id],user_profiles,english_name,lib/adminMembersData.ts update,admin-page,/admin/members,GET /api/admin/members/roster,rows[].englishName,,,MEDIUM
이력서·프로필,크루 코드,UNKNOWN,UNKNOWN,crew_code_log,UNKNOWN,lib/adminCrewCodeData.ts — 쓰기 전용(W:1 R:0). 수동 검색은 크루 코드 기준,admin-page,/admin/members,GET /api/admin/members/roster,rows[].crewCode,,,MEDIUM
평판,주차 평판,/admin/crews/[organization]/[legacy_user_id]/cluster4,PATCH /api/admin/crews/[legacy_user_id]/cluster4,weekly_reputations,UNKNOWN,lib/adminCluster4Data.ts update,external-api,크루앱,/api/weekly-reputations,items[],,,HIGH
평판,시즌 평판,/admin/crews/[organization]/[legacy_user_id]/cluster4,PATCH /api/admin/crews/[legacy_user_id]/cluster4,season_reputations,UNKNOWN,lib/adminCluster4Data.ts update,external-api,크루앱,UNKNOWN,UNKNOWN,,,MEDIUM
평판,주차 리뷰,/admin/crews/[organization]/[legacy_user_id]/cluster4,PATCH /api/admin/crews/[legacy_user_id]/cluster4,weekly_reviews,UNKNOWN,lib/adminCluster4Data.ts update,external-api,크루앱,UNKNOWN,UNKNOWN,,,MEDIUM
평판,동료,/admin/crews/[organization]/[legacy_user_id]/cluster4,PATCH /api/admin/crews/[legacy_user_id]/cluster4,weekly_colleagues,UNKNOWN,lib/adminCluster4Data.ts update. 동료 프로필 빈칸 이슈 별도,external-api,크루앱,/api/cluster4/weekly-cards,cards[].colleagues,,cluster4_weekly_card_snapshots,HIGH
평판,평판 키워드,없음,없음,reputation_keywords,UNKNOWN,읽기 전용(W:0 R:1) — lib/reputationKeywordsData.ts,external-api,크루앱,/api/reputation-keywords,keywords[],,,HIGH
평판,시즌 이력,/admin/crews/[organization]/[legacy_user_id]/cluster4,PATCH /api/admin/crews/[legacy_user_id]/cluster4,user_season_histories,UNKNOWN,lib/adminCluster4Data.ts update. findOrCreate 규칙,admin-page,/admin/members/[userId],GET /api/admin/members/[user_id],seasons[],,,HIGH
커리어,커리어 프로젝트,/admin/career-projects,POST /api/admin/career-projects,career_projects,"project_name;organization_slug;sponsor_meta",lib/adminCareerProjectsData.ts,admin-page,/admin/line-opening/practical-career,GET /api/admin/cluster4/career-line-options,options[],,,HIGH
커리어,프로젝트 주차,/admin/career-projects,PATCH /api/admin/career-projects/[id]/weeks,career_project_weeks,UNKNOWN,lib/adminCareerProjectsData.ts — upsert/delete/update 3중,admin-page,/admin/career-projects,GET /api/admin/career-projects/[id]/weeks,weeks[],,,HIGH
커리어,커리어 평가,/admin/line-opening/practical-career,POST /api/admin/cluster4/career-evaluations,cluster4_career_line_evaluations,UNKNOWN,lib/adminCareerEvaluationsData.ts,external-api,크루앱 라인 상세,/api/cluster4/lines/detail,evaluation,,,HIGH
커리어,커리어 기록,UNKNOWN,UNKNOWN,career_records,UNKNOWN,lib/adminCareerProjectsData.ts — 쓰기 트리거 페이지 미확인,admin-page,/admin/career-projects,GET /api/admin/career-projects,records[],,,LOW
카페 크롤,카페 라인 크루 매칭,/admin/line-opening/practical-info,POST /api/admin/cluster4/cafe-line-crew,UNKNOWN,UNKNOWN,lib/cluster4CafeLineMatch.ts — 카페 댓글 ↔ 소속 교집합. T-접두 테스트 매칭 규칙,admin-page,/admin/processes/check/info,GET /api/admin/cluster4/cafe-line-crew,crews[],mode=test 분기,,MEDIUM
카페 크롤,카페 댓글,/admin/line-opening/practical-competency,POST /api/admin/cluster4/cafe-comments,UNKNOWN,UNKNOWN,app/api/admin/cluster4/cafe-comments/route.ts — 저장 테이블 미확인(외부 크롤러 서비스 연동),other,UNKNOWN,UNKNOWN,UNKNOWN,,,LOW
운영 점검,운영 정합 점검,없음,없음,"user_growth_stats;user_week_statuses;user_season_statuses;weeks",UNKNOWN,lib/adminOperationHealthCheckData.ts — 캐시 vs 실시간 대조 진단,admin-page,/admin/operation-health-check,GET /api/admin/operation-health-check,checks[],,user_growth_stats,HIGH
운영 점검,도움말 콘텐츠,전 페이지,PUT /api/admin/help,admin_page_help_contents,"page_key;content",lib/adminPageHelpData.ts upsert — 공통 Help Key. mode/org 무관,admin-page,전 페이지,GET /api/admin/help,content,,,HIGH
QA·테스트,테스트 사용자 마커,UNKNOWN,UNKNOWN,test_user_markers,UNKNOWN,읽기 전용(W:0 R:2) — lib/testUsers.ts. 어드민에 쓰기 경로 없음,admin-page,/admin/test-users,GET /api/admin/test-users,users[],,,HIGH
QA·테스트,QA 실행 로그,/admin/test-users,POST /api/admin/qa/run-now/user-snapshot,qa_run_now_log,UNKNOWN,lib/qaRunNow.ts insert,admin-page,/admin/test-users,GET /api/admin/qa/run-now/logs,logs[],,,HIGH
QA·테스트,QA 주차 상태,UNKNOWN,UNKNOWN,qa_weeks_state,UNKNOWN,QA 클록 오버레이용. 쓰기 트리거 페이지 미확인,other,UNKNOWN,UNKNOWN,UNKNOWN,,,LOW
QA·테스트,QA 액션 로그,UNKNOWN,UNKNOWN,qa_action_log,UNKNOWN,쓰기 전용(W:1 R:0),other,없음,,,,,MEDIUM
QA·테스트,QA 모집단 스위치,없음,없음,없음(환경변수),없음,QA_HIDE_REAL_USERS(lib/qaFixedScope.ts) — 참이면 운영 화면이 테스터 모집단. resolveOrgResultScope 를 'test' 로 강제,admin-page,/admin/team-parts/info/crew-week-results,GET /api/admin/team-parts/info/crew-week-results,rows[].status,,,HIGH
QA·테스트,mode=test 스코프,없음,없음,없음(쿼리 파라미터),없음,lib/userScope.ts resolveUserScope + parseScopeMode — 46개 API 라우트가 mode 분기. 대상 선택만 바뀌고 판정은 동일,admin-page,다수,다수,,,,HIGH
QA·테스트,actAsTestUserId,없음,없음,없음(쿼리 파라미터),없음,lib/experienceImpersonation.ts — 6개 라우트. 액터 컨텍스트(로그 actor)와 개설 게이트에 영향,admin-page,/admin/line-opening/practical-experience,GET /api/admin/cluster4/experience/part-input,,,,HIGH
QA·테스트,demoUserId,없음,없음,없음(쿼리 파라미터),없음,16개 라우트 — 데모 모드 Vercel env 게이트. demo 는 종업 정보 스킵,external-api,크루앱,/api/cluster4/weekly-cards,cards[],데모/일반 DTO 분기,,HIGH
QA·테스트,테스트 라인 플래그,UNKNOWN,UNKNOWN,cluster4_lines,is_qa_test,QA 테스트 라인 표시 플래그,admin-page,/admin/line-opening/line-history,GET /api/admin/cluster4/lines/history,rows[].isQaTest,,,MEDIUM
주차 랭킹,주차 리그 명부,없음,없음,weekly_league_member_start,UNKNOWN,읽기 전용(W:0 R:2) — lib/weeklyLeaguePmsAggregation.ts. uws 코호트 기준,external-api,크루앱,UNKNOWN,UNKNOWN,,,LOW
주차 랭킹,리그 성공 override,없음,없음,weekly_league_success_overrides,UNKNOWN,읽기 전용(W:0 R:2),external-api,크루앱,UNKNOWN,UNKNOWN,,,LOW
주차 랭킹,리그 조직 명부,없음,없음,weekly_league_roster_orgs,UNKNOWN,읽기 전용(W:0 R:1),external-api,크루앱,UNKNOWN,UNKNOWN,,,LOW
주차 랭킹,랭킹 예외,없음,없음,cluster4_weekly_ranking_exceptions,UNKNOWN,읽기 전용(W:0 R:1),external-api,크루앱,UNKNOWN,UNKNOWN,,,LOW
주차 랭킹,조직 주차 임계값,없음,없음,org_week_thresholds,UNKNOWN,읽기 전용(W:0 R:1) — weeks.check_threshold 와 별개 축,admin-page,UNKNOWN,UNKNOWN,UNKNOWN,,,LOW
기타,활동 상세,UNKNOWN,UNKNOWN,user_activity_details,UNKNOWN,저장 게이트 키 = part_type. 쓰기 트리거 페이지 미확인,other,UNKNOWN,UNKNOWN,UNKNOWN,,,LOW
기타,운영자 마커,없음,없음,operator_markers,UNKNOWN,읽기 전용(W:0 R:2),admin-page,UNKNOWN,UNKNOWN,UNKNOWN,,,LOW
기타,레거시 크루 임포트,UNKNOWN,UNKNOWN,legacy_crew_import,UNKNOWN,W:2 R:1 — /admin/import 는 빈 화면. 스크립트 경유 추정,other,UNKNOWN,UNKNOWN,UNKNOWN,,,LOW
기타,학교 검색,없음,없음,schools,UNKNOWN,읽기 전용 — app/api/schools/search 직접 조회,external-api,크루앱,/api/schools/search,schools[],,,HIGH
기타,회원 조회(외부),없음,없음,user_profiles,UNKNOWN,lib/memberLookup.ts — demoUserId 분기 존재,external-api,크루앱,/api/members/find,member,,,HIGH
기타,조직 목록,없음,없음,organizations,UNKNOWN,읽기 전용(W:0 R:2),admin-page,/admin/users/app-users,GET /api/admin/organizations,organizations[],,,HIGH
기타,활동 유형,없음,없음,activity_types,UNKNOWN,읽기 전용(W:0 R:8) — 표시명 SoT 별도(lib/activityTypeLabel),admin-page,/admin/line-opening/practical-info,GET /api/admin/cluster4/activity-types,items[],,,HIGH
기타,이미지 업로드,/admin/line-opening/practical-info,POST /api/admin/cluster4/upload-image,없음(Storage 버킷),없음,Supabase Storage — DB 테이블 아님. 예약 이미지 슬롯 규칙,external-api,크루앱,/api/cluster4/weekly-cards,cards[].images,,,HIGH
